text,sentiment
Responsible AI development is crucial for the future. Exciting developments underway!,1
Technology advancements are accelerating rapidly. Collaboration is key.,1
Emerging technologies are shaping the future economy. Tech leaders are focused on sustainability.,1
Emerging technologies are shaping the future economy. Exciting developments underway!,1
Technology is shaping our daily lives more than ever. Challenges remain ahead.,-1
There are fears of AI misuse in surveillance. AI's evolution is unstoppable.,-1
Privacy issues in tech need more attention. Tech leaders are focused on sustainability.,1
AI can help solve complex global problems. Impact on society is significant.,1
Responsible AI development is crucial for the future. This is the future.,1
Concerns about AI ethics are growing worldwide. Balancing ethics with technology.,-1
Tech startups are driving innovation globally. Challenges remain ahead.,1
Ethical guidelines for AI are still under development. Exciting developments underway!,1
There are fears of AI misuse in surveillance. Innovation drives progress.,1
Privacy issues in tech need more attention. Innovation drives progress.,1
New AI models are revolutionizing healthcare. Exciting developments underway!,1
AI-driven automation could displace many workers. AI's evolution is unstoppable.,-1
Responsible AI development is crucial for the future. Impact on society is significant.,1
Technology advancements are accelerating rapidly. Impact on society is significant.,1
Concerns about AI bias must be addressed. Challenges remain ahead.,-1
AI is transforming the future of technology. Impact on society is significant.,1
The impact of AI on jobs is a topic of debate. Innovation drives progress.,1
AI-driven automation could displace many workers. Balancing ethics with technology.,-1
There are fears of AI misuse in surveillance. Future looks promising with AI.,1
Technology advancements are accelerating rapidly. Exciting developments underway!,1
Privacy issues in tech need more attention. Collaboration is key.,-1
Responsible AI development is crucial for the future. Collaboration is key.,1
AI technologies raise important regulatory questions. Future looks promising with AI.,1
The rapid pace of tech innovation can be overwhelming. This is the future.,1
Tech giants are investing heavily in AI research. Tech leaders are focused on sustainability.,1
The digital divide remains a challenge worldwide. Future looks promising with AI.,1
Concerns about AI ethics are growing worldwide. AI's evolution is unstoppable.,-1
Concerns about AI bias must be addressed. Collaboration is key.,-1
AI is transforming the future of technology. Balancing ethics with technology.,1
Tech startups are driving innovation globally. This is the future.,1
Tech startups are driving innovation globally. AI's evolution is unstoppable.,1
Concerns about AI bias must be addressed. AI's evolution is unstoppable.,-1
AI can help solve complex global problems. Future looks promising with AI.,1
AI technologies raise important regulatory questions. Innovation drives progress.,1
Technology advancements are accelerating rapidly. Tech leaders are focused on sustainability.,1
The rapid pace of tech innovation can be overwhelming. Challenges remain ahead.,1
There are fears of AI misuse in surveillance. Balancing ethics with technology.,-1
The impact of AI on jobs is a topic of debate. Impact on society is significant.,0
Tech startups are driving innovation globally. Exciting developments underway!,1
Tech giants are investing heavily in AI research. Collaboration is key.,0
Ethical guidelines for AI are still under development. AI's evolution is unstoppable.,0
AI is transforming the future of technology. Collaboration is key.,1
Concerns about AI bias must be addressed. Impact on society is significant.,-1
The rapid pace of tech innovation can be overwhelming. Balancing ethics with technology.,1
The digital divide remains a challenge worldwide. Exciting developments underway!,1
Tech startups are driving innovation globally. Innovation drives progress.,1
Privacy issues in tech need more attention. Impact on society is significant.,-1
New AI models are revolutionizing healthcare. AI's evolution is unstoppable.,0
The digital divide remains a challenge worldwide. Tech leaders are focused on sustainability.,1
Ethical guidelines for AI are still under development. Balancing ethics with technology.,-1
AI-driven automation could displace many workers. Innovation drives progress.,1
Ethical guidelines for AI are still under development. Collaboration is key.,0
AI's potential in education is promising. AI's evolution is unstoppable.,1
AI is transforming the future of technology. Exciting developments underway!,1
Concerns about AI ethics are growing worldwide. Tech leaders are focused on sustainability.,1
Tech startups are driving innovation globally. Balancing ethics with technology.,1
The digital divide remains a challenge worldwide. Challenges remain ahead.,-1
Technology advancements are accelerating rapidly. Balancing ethics with technology.,1
The digital divide remains a challenge worldwide. Innovation drives progress.,1
Technology is shaping our daily lives more than ever. Impact on society is significant.,0
Tech giants are investing heavily in AI research. AI's evolution is unstoppable.,0
Tech giants are investing heavily in AI research. Innovation drives progress.,1
AI is transforming the future of technology. Innovation drives progress.,1
Technology is shaping our daily lives more than ever. This is the future.,1
There are fears of AI misuse in surveillance. This is the future.,1
Ethical guidelines for AI are still under development. Impact on society is significant.,0
The digital divide remains a challenge worldwide. This is the future.,1
Responsible AI development is crucial for the future. Future looks promising with AI.,1
Ethical guidelines for AI are still under development. This is the future.,1
AI-driven automation could displace many workers. This is the future.,1
AI-driven automation could displace many workers. Impact on society is significant.,-1
Tech startups are driving innovation globally. Collaboration is key.,1
Tech giants are investing heavily in AI research. Impact on society is significant.,0
Tech giants are investing heavily in AI research. Balancing ethics with technology.,-1
Concerns about AI ethics are growing worldwide. Exciting developments underway!,1
Tech startups are driving innovation globally. Impact on society is significant.,1
AI technologies raise important regulatory questions. Balancing ethics with technology.,-1
AI can help solve complex global problems. Challenges remain ahead.,1
AI's potential in education is promising. Tech leaders are focused on sustainability.,1
Concerns about AI bias must be addressed. This is the future.,1
There are fears of AI misuse in surveillance. Challenges remain ahead.,-1
AI can help solve complex global problems. Tech leaders are focused on sustainability.,1
AI technologies raise important regulatory questions. Exciting developments underway!,1
The rapid pace of tech innovation can be overwhelming. Collaboration is key.,1
AI is transforming the future of technology. Challenges remain ahead.,1
New AI models are revolutionizing healthcare. Tech leaders are focused on sustainability.,1
There are fears of AI misuse in surveillance. Tech leaders are focused on sustainability.,1
The digital divide remains a challenge worldwide. Collaboration is key.,-1
The digital divide remains a challenge worldwide. Impact on society is significant.,-1
The rapid pace of tech innovation can be overwhelming. Exciting developments underway!,1
AI technologies raise important regulatory questions. Collaboration is key.,0
AI technologies raise important regulatory questions. Tech leaders are focused on sustainability.,1
Tech giants are investing heavily in AI research. Challenges remain ahead.,-1
The impact of AI on jobs is a topic of debate. Collaboration is key.,0
Tech startups are driving innovation globally. Tech leaders are focused on sustainability.,1
The impact of AI on jobs is a topic of debate. AI's evolution is unstoppable.,0
The impact of AI on jobs is a topic of debate. Future looks promising with AI.,1
Technology advancements are accelerating rapidly. This is the future.,1
Concerns about AI ethics are growing worldwide. This is the future.,1
AI technologies raise important regulatory questions. Impact on society is significant.,0
The impact of AI on jobs is a topic of debate. Exciting developments underway!,1
Technology advancements are accelerating rapidly. Future looks promising with AI.,1
Technology is shaping our daily lives more than ever. Innovation drives progress.,1
Emerging technologies are shaping the future economy. Future looks promising with AI.,1
AI can help solve complex global problems. Balancing ethics with technology.,1
Concerns about AI bias must be addressed. Balancing ethics with technology.,-1
AI's potential in education is promising. Exciting developments underway!,1
Privacy issues in tech need more attention. AI's evolution is unstoppable.,-1
AI's potential in education is promising. Impact on society is significant.,1
AI is transforming the future of technology. AI's evolution is unstoppable.,1
AI technologies raise important regulatory questions. AI's evolution is unstoppable.,0
AI can help solve complex global problems. Innovation drives progress.,1
Responsible AI development is crucial for the future. Balancing ethics with technology.,1
AI's potential in education is promising. Innovation drives progress.,1
Technology is shaping our daily lives more than ever. Balancing ethics with technology.,-1
Privacy issues in tech need more attention. Exciting developments underway!,1
Technology is shaping our daily lives more than ever. Tech leaders are focused on sustainability.,1
AI can help solve complex global problems. AI's evolution is unstoppable.,1
The impact of AI on jobs is a topic of debate. Tech leaders are focused on sustainability.,1
Emerging technologies are shaping the future economy. AI's evolution is unstoppable.,1
Responsible AI development is crucial for the future. Challenges remain ahead.,1
The impact of AI on jobs is a topic of debate. This is the future.,1
Emerging technologies are shaping the future economy. This is the future.,1
The rapid pace of tech innovation can be overwhelming. Impact on society is significant.,1
Technology advancements are accelerating rapidly. Challenges remain ahead.,1
The rapid pace of tech innovation can be overwhelming. Innovation drives progress.,1
Ethical guidelines for AI are still under development. Future looks promising with AI.,1
Ethical guidelines for AI are still under development. Tech leaders are focused on sustainability.,1
New AI models are revolutionizing healthcare. Impact on society is significant.,0
Emerging technologies are shaping the future economy. Impact on society is significant.,1
AI-driven automation could displace many workers. Future looks promising with AI.,1
The impact of AI on jobs is a topic of debate. Challenges remain ahead.,-1
AI-driven automation could displace many workers. Collaboration is key.,-1
There are fears of AI misuse in surveillance. Impact on society is significant.,-1
AI is transforming the future of technology. This is the future.,1
New AI models are revolutionizing healthcare. Balancing ethics with technology.,-1
AI can help solve complex global problems. Collaboration is key.,1
Technology advancements are accelerating rapidly. AI's evolution is unstoppable.,1
Privacy issues in tech need more attention. Balancing ethics with technology.,-1
Emerging technologies are shaping the future economy. Challenges remain ahead.,1
Tech giants are investing heavily in AI research. This is the future.,1
Technology is shaping our daily lives more than ever. Exciting developments underway!,1
AI-driven automation could displace many workers. Tech leaders are focused on sustainability.,1
The digital divide remains a challenge worldwide. Balancing ethics with technology.,-1
AI-driven automation could displace many workers. Challenges remain ahead.,-1
Technology advancements are accelerating rapidly. Innovation drives progress.,1